Sex,Job Title,First Name,Email,Phone
Female,Phytotherapist,Phillip,bethany14@example.com,214.112.6044x4913
Male,Homeopath,Kristine,bthompson@example.com,277.609.7938
Male,Market researcher,Yesenia,kaitlinkaiser@example.com,584.094.6111
Male,Waste management officer,Erin,tconner@example.org,001-171-649-9856x5553
Female,Intelligence analyst,Katherine,conniecowan@example.com,+1-773-151-6685x49162
Male,Hydrogeologist,Ricardo,wyattbishop@example.com,001-447-699-7998x88612
Male,Lawyer,Dave,nmccann@example.net,603-428-2429x27392
Male,"Engineer, site",Isaiah,virginiaterrell@example.org,+1-511-372-1544x8206
Female,Advertising account executive,Sheila,huangcathy@example.com,895.881.4746
Male,Warden/ranger,Stacy,rayleroy@example.org,710.673.3213x80335
Male,"Scientist, clinical (histocompatibility and immunogenetics)",Mandy,jefferynoble@example.org,(992)466-1305x4947
Female,Social worker,Bridget,mercedes44@example.com,(216)627-8359
Male,Agricultural consultant,Crystal,pmiranda@example.org,+1-024-377-5391
Female,Sport and exercise psychologist,Thomas,braunpriscilla@example.net,+1-360-880-0766
Male,Secretary/administrator,Maurice,sheenabanks@example.com,(246)187-4969
Male,Audiological scientist,Frank,gbrewer@example.org,429.965.3902x4447
Male,"Teacher, adult education",Alvin,gilbertdonaldson@example.com,219.436.0887x07551
Female,Paediatric nurse,Jared,jcortez@example.com,+1-958-849-6781
Female,"Scientist, marine",Jacqueline,carias@example.net,819.309.7679x59173
Female,Commercial horticulturist,Colleen,fknox@example.org,638.584.1090
Male,Outdoor activities/education manager,Randy,huangbill@example.org,001-960-629-7164x67214
Female,Drilling engineer,Janice,juarezdominique@example.net,001-249-314-9742x6996
Female,Systems analyst,Alfred,cassandramorris@example.com,(468)276-9509x53058
Male,"Conservation officer, nature",Sean,sallymiller@example.net,4915828504
Male,Counsellor,Louis,bsullivan@example.net,6232695307
Female,Recycling officer,Brittney,ayalajose@example.net,945-739-8686
Male,Art gallery manager,Judy,irosales@example.net,001-654-208-1241x52830
Male,Gaffer,Norman,mconrad@example.com,223.002.0429
Female,Food technologist,Isaiah,jimblake@example.org,001-536-544-3367
Male,Building services engineer,Jacqueline,nsampson@example.net,(247)762-8934
Female,Seismic interpreter,Bonnie,caitlin24@example.net,+1-253-987-2776x9161
Female,"Engineer, biomedical",Brandon,mconley@example.net,+1-386-673-1465x006
Female,Set designer,Jackson,reynoldsdarryl@example.net,(137)908-3129x65035
Male,Research scientist (life sciences),Melody,jeannovak@example.org,(826)792-7381
Male,"Accountant, chartered management",Leonard,clinton78@example.org,941-038-0427x38800
Female,"Surveyor, quantity",Gene,luisdeleon@example.org,+1-356-818-6604x89537
Female,Outdoor activities/education manager,Cynthia,rosariodave@example.org,(110)858-2437x70190
Female,Information systems manager,Tanya,vickihouston@example.com,(830)774-9002x086
Female,"Scientist, clinical (histocompatibility and immunogenetics)",Matthew,evelyn31@example.org,952-381-6360
Female,Accounting technician,Kirk,stephenfuller@example.org,001-826-496-5529x8661
Female,Management consultant,Willie,haleymathews@example.net,741.168.6854x067
Female,Make,Miguel,tyrone56@example.org,5247842945
Male,Retail banker,Darren,lhernandez@example.com,(975)799-4261
Female,Commissioning editor,Haley,molly03@example.org,(746)182-6137x2453
Female,"Accountant, chartered management",Danielle,jvang@example.org,(890)374-9518x772
Male,Seismic interpreter,Becky,erikmueller@example.org,(390)002-0863
Male,Jewellery designer,Caitlyn,rivasdominique@example.org,805-021-3965x46344
Male,"Education officer, museum",Joshua,daisymcgee@example.net,875.994.2100x535
Female,Estate manager/land agent,Heidi,staffordtravis@example.net,601-155-3065x1131
Female,Physiotherapist,Brian,saralong@example.net,952-283-1423x733
Female,Passenger transport manager,Beverly,iphelps@example.net,+1-327-578-8754x6771
Female,Call centre manager,Nathaniel,roberto29@example.com,(655)887-2040x37888
Female,Special educational needs teacher,Debra,yolanda07@example.org,001-731-525-8400x52593
Female,Museum/gallery exhibitions officer,Mackenzie,abbottyvette@example.net,4225525458
Female,Pension scheme manager,Courtney,ochang@example.org,210.683.2761x5883
Female,Archaeologist,Fred,amyanderson@example.com,497-774-3053
Female,Historic buildings inspector/conservation officer,Ryan,qnorman@example.org,956.330.2951
Male,Petroleum engineer,Grace,clarkeangela@example.net,(034)867-8827x6777
Male,Curator,Shari,kalvarado@example.org,001-951-655-4798x6124
Male,Retail banker,Kelli,jodyvincent@example.org,995.000.4213x0982
Male,Neurosurgeon,Jackie,hutchinsonkirk@example.com,001-740-937-0846x0087
Female,Chiropractor,Leslie,floreschristina@example.org,795.782.4384x555
Female,"Biochemist, clinical",Harold,nathan65@example.org,+1-026-265-6392
Male,"Scientist, water quality",Larry,maria32@example.org,+1-244-630-3792x4121
Female,Hydrologist,Mike,imccullough@example.com,116-729-5046
Female,"Biochemist, clinical",Brittney,corey92@example.com,593.976.2528
Male,Hospital pharmacist,Frank,daltoncalvin@example.net,(035)961-5060x9182
Male,Warehouse manager,Sandra,ubanks@example.com,+1-096-606-6454x067
Male,Physiological scientist,Ryan,lopezdebbie@example.org,+1-695-557-9948x485
Male,English as a second language teacher,Tamara,meagan39@example.net,017.665.3744x7944
Female,Financial trader,Jean,kristina76@example.com,(954)060-1066
Female,Structural engineer,Veronica,weissbridget@example.com,+1-521-589-2387x48490
Female,"Biochemist, clinical",Kim,wpetersen@example.org,7677125383
Male,Race relations officer,Tina,wongmary@example.org,079-907-5051
Male,"Psychologist, forensic",Jonathon,gailfrench@example.net,874-037-2032x932
Female,Newspaper journalist,Jermaine,vpaul@example.com,(742)214-8691
Male,Public house manager,Regina,xpoole@example.net,891-359-2684
Male,Careers information officer,Terrence,cassandra80@example.org,221.800.6408x5416
Female,Economist,Tyler,johnathan72@example.org,001-386-469-3075x8030
Male,Jewellery designer,Andrew,nhall@example.net,+1-376-865-2765x3351
Male,Contracting civil engineer,Reginald,erikaball@example.net,+1-832-500-6044x475
Female,Higher education lecturer,Douglas,nixonvanessa@example.net,001-834-660-8312x9864
Female,"Lecturer, further education",Helen,melvin08@example.net,001-377-726-4229
Male,Research scientist (life sciences),Mario,oblake@example.com,160-144-5039x12276
Male,"Teacher, early years/pre",Chelsea,johnnyhendricks@example.net,001-698-651-0138x18588
Male,Travel agency manager,Dustin,pbarron@example.net,+1-965-621-1157x345
Female,Technical sales engineer,Harry,olsenmalik@example.net,+1-451-099-5805
Female,Charity fundraiser,Kathy,teresa37@example.com,(164)105-8456
Female,Patent attorney,Alison,zmiles@example.net,3506680871
Female,"Conservator, furniture",Jamie,sheenadouglas@example.com,(900)803-9295x11533
Female,Dance movement psychotherapist,Melody,evan90@example.org,(626)520-5080x3511
Male,Financial planner,Xavier,nicolas90@example.org,8164259975
Female,Air broker,Dillon,angelanavarro@example.net,971-992-4521
Female,Software engineer,Dennis,bmartin@example.org,001-095-524-2112x257
Female,Barrister,Steve,latasha46@example.net,001-865-478-5157
Male,Police officer,Wesley,regina11@example.org,995-542-3004x76800
Female,Broadcast journalist,Summer,alexiscantrell@example.org,001-273-685-6932x092
Male,IT sales professional,Mariah,pcopeland@example.org,(341)594-6554x44657
